insert into s_urlmappings(operatorid,url) value(10,'/pwd');
insert into s_urlmappings(operatorid,url) value(10,'/cpwd');
insert into s_urlmappings(operatorid,url) value(10,'/uquery');
insert into s_urlmappings(operatorid,url) value(10,'/rquery');
insert into s_urlmappings(operatorid,url) value(10,'/radd');
insert into s_urlmappings(operatorid,url) value(10,'/ug');
insert into s_urlmappings(operatorid,url) value(10,'/rm');
insert into s_urlmappings(operatorid,url) value(10,'/dm');
insert into s_urlmappings(operatorid,url) value(10,'/um');
insert into s_urlmappings(operatorid,url) value(10,'/upro');
insert into s_urlmappings(operatorid,url) value(10,'/mif/c');
insert into s_urlmappings(operatorid,url) value(10,'/mif/q');
insert into s_urlmappings(operatorid,url) value(10,'/mif/d');
insert into s_urlmappings(operatorid,url) value(10,'/mif/u');
insert into s_urlmappings(operatorid,url) value(10,'/exportimages');
insert into s_urlmappings(operatorid,url) value(10,'/exportartist');
insert into s_urlmappings(operatorid,url) value(10,'/upfile');
insert into s_urlmappings(operatorid,url) value(10,'/update/app/data');
insert into s_urlmappings(operatorid,url) value(10,'/log/click/img');
insert into s_urlmappings(operatorid,url) value(10,'/log/query/img');
insert into s_urlmappings(operatorid,url) value(10,'/log/query/author');
insert into s_urlmappings(operatorid,url) value(10,'/addfav');
insert into s_urlmappings(operatorid,url) value(10,'/delfav');
insert into s_urlmappings(operatorid,url) value(10,'/createfav');
insert into s_urlmappings(operatorid,url) value(10,'/pullfav');
insert into s_urlmappings(operatorid,url) value(10,'/myallfav');
insert into s_urlmappings(operatorid,url) value(10,'/dopfav');
insert into s_urlmappings(operatorid,url) value(10,'/modfav');
insert into s_urlmappings(operatorid,url) value(10,'/modffcover');
insert into s_urlmappings(operatorid,url) value(10,'/addimg_c_tag');
insert into s_urlmappings(operatorid,url) value(10,'/rmimg_c_tag');
insert into s_urlmappings(operatorid,url) value(10,'/addimg_n_tag');
insert into s_urlmappings(operatorid,url) value(10,'/rmimg_n_tag');
insert into s_urlmappings(operatorid,url) value(10,'/alltags');
insert into s_urlmappings(operatorid,url) value(10,'/alltag_c_select');
insert into s_urlmappings(operatorid,url) value(10,'/allimg_c_tags');
insert into s_urlmappings(operatorid,url) value(10,'/pulldataversion');
insert into s_urlmappings(operatorid,url) value(10,'/pullupdatedata');
insert into s_urlmappings(operatorid,url) value(10,'/pull_row_artist_updatedata');
insert into s_urlmappings(operatorid,url) value(10,'/pull_row_product_updatedata');
insert into s_urlmappings(operatorid,url) value(10,'/gen_imgcode');
insert into s_urlmappings(operatorid,url) value(10,'/imgcode');
insert into s_urlmappings(operatorid,url) value(10,'/avatorup');
insert into s_urlmappings(operatorid,url) value(10,'/delaccount');
insert into s_urlmappings(operatorid,url) value(10,'/modalias');
insert into s_urlmappings(operatorid,url) value(10,'/reperror');
insert into s_urlmappings(operatorid,url) value(10,'/getpro');
insert into s_urlmappings(operatorid,url) value(10,'/addProCatalog');
insert into s_urlmappings(operatorid,url) value(10,'/delProCatalog');
insert into s_urlmappings(operatorid,url) value(10,'/getProCatalog');
insert into s_urlmappings(operatorid,url) value(10,'/artist_adv');
insert into s_urlmappings(operatorid,url) value(10,'/getBVProCatalog');
insert into s_urlmappings(operatorid,url) value(10,'/tagBatchVersion');
insert into s_urlmappings(operatorid,url) value(10,'/allbatchversion');
insert into s_urlmappings(operatorid,url) value(10,'/requestuser');
insert into s_urlmappings(operatorid,url) value(10,'/fav_folder_products');
insert into s_urlmappings(operatorid,url) value(10,'/fav_by_productid');
insert into s_urlmappings(operatorid,url) value(10,'/upfavstate');
insert into s_urlmappings(operatorid,url) value(10,'/favfolder_page');
insert into s_urlmappings(operatorid,url) value(10,'/eyecode');
insert into s_urlmappings(operatorid,url) value(10,'/money/batch/create');
insert into s_urlmappings(operatorid,url) value(10,'/money/batch/state');
insert into s_urlmappings(operatorid,url) value(10,'/money/batch/use');
insert into s_urlmappings(operatorid,url) value(10,'/log/click/like');
insert into s_urlmappings(operatorid,url) value(10,'/money/user/try/get');
insert into s_urlmappings(operatorid,url) value(10,'/msg/query');
insert into s_urlmappings(operatorid,url) value(10,'/msg/send');
insert into s_urlmappings(operatorid,url) value(10,'/msg/read');
insert into s_urlmappings(operatorid,url) value(10,'/msg/delete');
insert into s_urlmappings(operatorid,url) value(10,'/msg/update');


insert into s_urlmappings(operatorid,url) value(11,'/mif/c');
insert into s_urlmappings(operatorid,url) value(11,'/mif/q');
insert into s_urlmappings(operatorid,url) value(11,'/mif/d');
insert into s_urlmappings(operatorid,url) value(11,'/mif/u');
insert into s_urlmappings(operatorid,url) value(11,'/exportimages');
insert into s_urlmappings(operatorid,url) value(11,'/exportartist');
insert into s_urlmappings(operatorid,url) value(11,'/upfile');
insert into s_urlmappings(operatorid,url) value(11,'/update/app/data');
insert into s_urlmappings(operatorid,url) value(11,'/log/click/img');
insert into s_urlmappings(operatorid,url) value(11,'/log/query/img');
insert into s_urlmappings(operatorid,url) value(11,'/log/query/author');
insert into s_urlmappings(operatorid,url) value(11,'/addfav');
insert into s_urlmappings(operatorid,url) value(11,'/delfav');
insert into s_urlmappings(operatorid,url) value(11,'/createfav');
insert into s_urlmappings(operatorid,url) value(11,'/pullfav');
insert into s_urlmappings(operatorid,url) value(11,'/myallfav');
insert into s_urlmappings(operatorid,url) value(11,'/dopfav');
insert into s_urlmappings(operatorid,url) value(11,'/modfav');
insert into s_urlmappings(operatorid,url) value(11,'/modffcover');
insert into s_urlmappings(operatorid,url) value(11,'/addimg_c_tag');
insert into s_urlmappings(operatorid,url) value(11,'/rmimg_c_tag');
insert into s_urlmappings(operatorid,url) value(11,'/addimg_n_tag');
insert into s_urlmappings(operatorid,url) value(11,'/rmimg_n_tag');
insert into s_urlmappings(operatorid,url) value(11,'/alltags');
insert into s_urlmappings(operatorid,url) value(11,'/alltag_c_select');
insert into s_urlmappings(operatorid,url) value(11,'/allimg_c_tags');
insert into s_urlmappings(operatorid,url) value(11,'/pulldataversion');
insert into s_urlmappings(operatorid,url) value(11,'/pullupdatedata');
insert into s_urlmappings(operatorid,url) value(11,'/pull_row_artist_updatedata');
insert into s_urlmappings(operatorid,url) value(11,'/pull_row_product_updatedata');
insert into s_urlmappings(operatorid,url) value(11,'/product_q');
insert into s_urlmappings(operatorid,url) value(11,'/product_u');
insert into s_urlmappings(operatorid,url) value(11,'/artist_u');
insert into s_urlmappings(operatorid,url) value(11,'/artist_get');
insert into s_urlmappings(operatorid,url) value(11,'/user_top');
insert into s_urlmappings(operatorid,url) value(11,'/avatorup');
insert into s_urlmappings(operatorid,url) value(11,'/gen_imgcode');
insert into s_urlmappings(operatorid,url) value(11,'/imgcode');
insert into s_urlmappings(operatorid,url) value(11,'/delaccount');
insert into s_urlmappings(operatorid,url) value(11,'/modalias');
insert into s_urlmappings(operatorid,url) value(11,'/reperror');
insert into s_urlmappings(operatorid,url) value(11,'/getpro');
insert into s_urlmappings(operatorid,url) value(11,'/addProCatalog');
insert into s_urlmappings(operatorid,url) value(11,'/delProCatalog');
insert into s_urlmappings(operatorid,url) value(11,'/getProCatalog');
insert into s_urlmappings(operatorid,url) value(11,'/getBVProCatalog');
insert into s_urlmappings(operatorid,url) value(11,'/tagBatchVersion');
insert into s_urlmappings(operatorid,url) value(11,'/allbatchversion');
insert into s_urlmappings(operatorid,url) value(11,'/artist_adv');
insert into s_urlmappings(operatorid,url) value(11,'/requestuser');
insert into s_urlmappings(operatorid,url) value(11,'/fav_folder_products');
insert into s_urlmappings(operatorid,url) value(11,'/fav_by_productid');
insert into s_urlmappings(operatorid,url) value(11,'/eyecode');
insert into s_urlmappings(operatorid,url) value(11,'/money/batch/create');
insert into s_urlmappings(operatorid,url) value(11,'/money/batch/state');
insert into s_urlmappings(operatorid,url) value(11,'/money/batch/use');
insert into s_urlmappings(operatorid,url) value(11,'/log/click/like');
insert into s_urlmappings(operatorid,url) value(11,'/money/user/try/get');
insert into s_urlmappings(operatorid,url) value(11,'/msg/query');
insert into s_urlmappings(operatorid,url) value(11,'/msg/send');
insert into s_urlmappings(operatorid,url) value(11,'/msg/read');
insert into s_urlmappings(operatorid,url) value(11,'/msg/delete');
insert into s_urlmappings(operatorid,url) value(11,'/msg/update');

INSERT INTO s_role VALUES (1,'终端用户角色','2024-02-28 22:12:21'),(2,'管理员角色','2024-03-01 20:31:48');
INSERT INTO s_roleoperator VALUES (1,11,0),(2,10,0),(2,11,0);
INSERT INTO s_rolegroup VALUES (1,1),(1,2),(2,2);
insert into s_group(id,name,createtime) value(1,'终端用户组','2024-03-01 13:30:25');
insert into s_group(id,name,createtime) value(2,'管理员组','2024-03-01 13:30:25');
INSERT INTO s_operators VALUES (10,'管理功能'),(11,'查看功能');
INSERT INTO s_groupuser VALUES (2,'urn:uuid:68c46ecc-d4b6-11ee-9ed1-525400e447da');
INSERT INTO s_users VALUES ('urn:uuid:68c46ecc-d4b6-11ee-9ed1-525400e447da','wild.shang@163.com','$2a$04$BRAGWesq3kmcQ/KPatE47OEhRWAsrfAf/lCljwuGn5me7oaUGlnWy','流星划过黑暗的夜空つ','',0,'2024-02-26 22:50:40','2024-02-26 22:50:40',2,'','管理员');
